"","screenid","n","avg","number_of_interaction"
"1",11,8,142.270236144288,164522
"2",12,4,13.923956043956,4744
"3",13,3,40.4923820572312,5416
"4",14,7,76.2082845125432,17716
"5",15,3,10.7685897435897,990
"6",16,5,55.1110833333333,2782
"7",17,2,53.2255952380952,706
"8",18,1,1,6
